Selling Company,Territory
02 - Shaw Floors Value,5466
09 - Shaw Marketplace,5555
27 - Usf Commercial,5130
30 - Soft Modular Residential Flooring,5466
32 - Cut A Rug,5466
34 - Tuftex Rugs,5466
38 - Usf Residential Hardsurface,5017
39 - Shaw Floors Net,5466
40 - Philadelphia Mainstreet,5466
41 - Reworx,5466
42 - Shaw Tile&Stone,5017
43 - Shaw Resil T&P,5017
44 - Shaw Resil Roll,5017
45 - Shaw Laminate,5017
47 - Shaw Multi Family Hs,95
48 - 5th And Main Carpet,5466
49 - 5th And Main Hard Surface,5017
54 - Usf Residential Coretec,5017
57 - Anderson Builder,5017
58 - Anderson Wood,5017
59 - Builder Hard Surface,5017
60 - Shaw Wood,5017
64 - Philadelphia Contract,5466
65 - Shaw Floors Retail,5466
68 - Tuftex,5466
72 - Mainstreet Commercial Hs,5466
